Authors,Author(s) ID,Title,Year,Source title,Volume,Issue,Art. No.,Page start,Page end,Page count,Cited by,DOI,Link,Affiliations,Authors with affiliations,Author Keywords,Index Keywords,Funding Text 1,Funding Text 2,Correspondence Address,Publisher,ISSN,ISBN,CODEN,PubMed ID,Language of Original Document,Abbreviated Source Title,Document Type,Publication Stage,Open Access,Source,EID
"Sun H., Edziah B.K., Kporsu A.K., Sarkodie S.A., Taghizadeh-Hesary F.","56645203200;57204956778;57211119040;57105546200;56291956400;","Energy efficiency: The role of technological innovation and knowledge spillover",2021,"Technological Forecasting and Social Change","167",,"120659","","",,99,"10.1016/j.techfore.2021.120659","https://www.scopus.com/inward/record.uri?eid=2-s2.0-85101411893&doi=10.1016%2fj.techfore.2021.120659&partnerID=40&md5=886229eeb1827aa393126429add02368","Institute of Industrial Economics, Jiangsu University, Zhenjiang, 212013, China; Nord University Business School (HHN), Post Box 1490, Bodø, 8049, Norway; Social Science Research Institute, Tokai University, Hiratsuka-shi, Kanagawa-ken  259-1292, Japan","Sun, H., Institute of Industrial Economics, Jiangsu University, Zhenjiang, 212013, China; Edziah, B.K., Institute of Industrial Economics, Jiangsu University, Zhenjiang, 212013, China; Kporsu, A.K., Institute of Industrial Economics, Jiangsu University, Zhenjiang, 212013, China; Sarkodie, S.A., Nord University Business School (HHN), Post Box 1490, Bodø, 8049, Norway; Taghizadeh-Hesary, F., Social Science Research Institute, Tokai University, Hiratsuka-shi, Kanagawa-ken  259-1292, Japan","Energy efficiency; Innovation; Knowledge spillover; Patent; Technology","Binary alloys; Economics; Patents and inventions; Potassium alloys; Public policy; Research and development management; Sustainable development; Uranium alloys; Developed countries; Domestic research; Environmental sustainability; Global economic growth; Knowledge spillovers; Policy implications; Sustainable energy management; Technological innovation; Energy efficiency; energy efficiency; growth rate; innovation; intellectual property rights; knowledge; OECD; research and development; spillover effect; France; Germany; Netherlands; Switzerland; United Kingdom","The authors appreciate the valuable comments of anonymous reviewers. We are also grateful for the financial support provided by the National Natural Science Foundation of China (No. 71774071 , 71810107001 , 72074186 , 71673230 ).",,"Sun, H.; Institute of Industrial Economics, China; email: shp@ujs.edu.cn","Elsevier Inc.",00401625,,,,"English","Technol. Forecast. Soc. Change",Article,"Final","",Scopus,2-s2.0-85101411893
"Le T.N.-L., Abakah E.J.A., Tiwari A.K.","57219435753;57201553044;57204698496;","Time and frequency domain connectedness and spill-over among fintech, green bonds and cryptocurrencies in the age of the fourth industrial revolution",2021,"Technological Forecasting and Social Change","162",,"120382","","",,49,"10.1016/j.techfore.2020.120382","https://www.scopus.com/inward/record.uri?eid=2-s2.0-85092736588&doi=10.1016%2fj.techfore.2020.120382&partnerID=40&md5=6a86370f6d78c05906d6d058c08d94e5","The University of Sydney, Business School, Australia; University of Finance-Marketing, Viet Nam; The University of Adelaide, Business School, Australia; Rajagiri Business School, Rajagiri Valley Campus, Kochi, India","Le, T.N.-L., The University of Sydney, Business School, Australia, University of Finance-Marketing, Viet Nam; Abakah, E.J.A., The University of Adelaide, Business School, Australia; Tiwari, A.K., Rajagiri Business School, Rajagiri Valley Campus, Kochi, India","Equity and other prices; Fintech; Fourth industrial revolution; Green bonds; Portfolio diversification","Cryptocurrency; Fintech; Frequency domain analysis; Gold; Green manufacturing; Industry 4.0; Transmissions; Daily datum; Financial assets; Hedging instruments; High probability; Industrial revolutions; Shock transmission; Time and frequency domains; Volatility transmissions; Financial markets; automation; currency; equity; innovation; spillover effect; stock market; Matthiola incana",,,"Le, T.N.-L.; The University of Sydney, Australia; email: lan.le@sydney.edu.au","Elsevier Inc.",00401625,,,,"English","Technol. Forecast. Soc. Change",Article,"Final","All Open Access, Bronze, Green",Scopus,2-s2.0-85092736588
"Momtaz P.P.","57207112506;","Entrepreneurial Finance and Moral Hazard: Evidence from Token Offerings",2021,"Journal of Business Venturing","36","5","106001","","",,33,"10.1016/j.jbusvent.2020.106001","https://www.scopus.com/inward/record.uri?eid=2-s2.0-85081644650&doi=10.1016%2fj.jbusvent.2020.106001&partnerID=40&md5=f3639fda3a1948d0a49124c1171f8ad5","UCLA Anderson School of Management, 110 Westwood Plaza, Suite C.402, Los Angeles, CA  90095, United States","Momtaz, P.P., UCLA Anderson School of Management, 110 Westwood Plaza, Suite C.402, Los Angeles, CA  90095, United States","Blockchain; Crowdfunding; Cryptocurrencies; Initial coin offering (ICO); Moral hazard; Signaling; Token offering; Token sale",,"I wish to thank Christian Fisch, Barney Hartman-Glaser, Daniel Rabetti, and Mariko Sakakibara as well as seminar participants at Hamburg University, and at UCLA's corporate finance and innovation seminars for helpful comments. I gratefully acknowledge financial support for this research project from the Price Center for Entrepreneurship and Innovation at UCLA.",,,"Elsevier Inc.",08839026,,JBVEE,,"English","J. Bus. Venturing",Article,"Final","All Open Access, Hybrid Gold",Scopus,2-s2.0-85081644650
"Muganyi T., Yan L., Sun H.-P.","57211924905;57218104231;56645203200;","Green finance, fintech and environmental protection: Evidence from China",2021,"Environmental Science and Ecotechnology","7",,"100107","","",,30,"10.1016/j.ese.2021.100107","https://www.scopus.com/inward/record.uri?eid=2-s2.0-85109452934&doi=10.1016%2fj.ese.2021.100107&partnerID=40&md5=9231943cdee8b61fe94f20c820ccde12","Shanghai University School of Economics, Baoshan, Shanghai, China; Warwick Business School, The University of Warwick, Coventry, CV4 7AL, United Kingdom; Jiangsu UniversityZhejiang, China","Muganyi, T., Shanghai University School of Economics, Baoshan, Shanghai, China, Warwick Business School, The University of Warwick, Coventry, CV4 7AL, United Kingdom; Yan, L., Shanghai University School of Economics, Baoshan, Shanghai, China; Sun, H.-P., Jiangsu UniversityZhejiang, China","Environmental protection; Fintech; Green consumption; Green finance",,"Key Program of National Social Science Fund of China ( 21AZD067 ).",,"Sun, H.-P.; Jiangsu UniversityChina; email: shp@ujs.edu.cn","Elsevier B.V.",26664984,,,,"English","Environ. Sci. Ecotechnol.",Article,"Final","All Open Access, Gold",Scopus,2-s2.0-85109452934
"Mogaji E., Soetan T.O., Kieu T.A.","56823605700;57216897338;57207829434;","The implications of artificial intelligence on the digital marketing of financial services to vulnerable customers",2021,"Australasian Marketing Journal","29","3",,"235","242",,28,"10.1016/j.ausmj.2020.05.003","https://www.scopus.com/inward/record.uri?eid=2-s2.0-85085169156&doi=10.1016%2fj.ausmj.2020.05.003&partnerID=40&md5=bc973428b75d95c00b45fb8e88594382","University of Greenwich, London, United Kingdom; Red River College, Winnipeg, Canada; University of Economics and Finance, Ho Chi Minh, Viet Nam","Mogaji, E., University of Greenwich, London, United Kingdom; Soetan, T.O., Red River College, Winnipeg, Canada; Kieu, T.A., University of Economics and Finance, Ho Chi Minh, Viet Nam","AI; Digital marketing; Financial services; Vulnerable customers",,,,"Mogaji, E.; University of GreenwichUnited Kingdom; email: e.o.mogaji@greenwich.ac.uk","SAGE Publications Ltd",14413582,,,,"English","Australas. Mark. J.",Article,"Final","",Scopus,2-s2.0-85085169156
"Sheng T.","57216927366;","The effect of fintech on banks’ credit provision to SMEs: Evidence from China",2021,"Finance Research Letters","39",,"101558","","",,25,"10.1016/j.frl.2020.101558","https://www.scopus.com/inward/record.uri?eid=2-s2.0-85085314524&doi=10.1016%2fj.frl.2020.101558&partnerID=40&md5=97cf5a8dab0b5313d1714f4aa5c5668d","College of Finance, Nanjing Agricultural University, Nanjing, 210095, China","Sheng, T., College of Finance, Nanjing Agricultural University, Nanjing, 210095, China","Bank credit; Financial technology; Fintech; Sizes of banks; Small and medium enterprises",,"Funding Resources : This work is supported by National Natural Science Foundation of China (Grant number 71803081); Foundation of the National Ministry of Education of China (Grant numbers 18YJC790134, IRT_17R52); Research Funds for the Central Universities in Nanjing Agricultural University (Grant numbers SKYZ2018026, KJQN201953).",,,"Elsevier Ltd",15446123,,,,"English","Finan. Res. Lett.",Article,"Final","",Scopus,2-s2.0-85085314524
"Wang Y., Xiuping S., Zhang Q.","57207260049;56131413000;57219965087;","Can fintech improve the efficiency of commercial banks? —An analysis based on big data",2021,"Research in International Business and Finance","55",,"101338","","",,19,"10.1016/j.ribaf.2020.101338","https://www.scopus.com/inward/record.uri?eid=2-s2.0-85096325153&doi=10.1016%2fj.ribaf.2020.101338&partnerID=40&md5=c234a9fad67c4415c2d2caf3f656c75e","School of Economics, Capital University of Economics and Business, China; School of International Economics, University of International Business and Economics, China; China institute for WTO Studies, University of international Business and Economics","Wang, Y., School of Economics, Capital University of Economics and Business, China; Xiuping, S., School of International Economics, University of International Business and Economics, China; Zhang, Q., China institute for WTO Studies, University of international Business and Economics","Commercial Bank; Fintech; TFP",,"This research was supported by Beijing Municipal Social Science Foundation (No. 18JDYJB001 ), Ministry of Education of Humanities and Social Science Youth Project (No. 18YJC790212 ), Ministry of Education of Humanities and Social Science Project (No. 18YJC790154 ).",,"Wang, Y.; School of International Economics, China; email: rucwy@126.com","Elsevier Ltd",02755319,,,,"English","Res. Int. Bus. Financ.",Article,"Final","",Scopus,2-s2.0-85096325153
"Alansari Y., Musleh Al-Sartawi A.M.A.","57223108094;57191107039;","IT governance and E-banking in GCC listed banks",2021,"Procedia Computer Science","183",,,"844","848",,17,"10.1016/j.procs.2021.03.008","https://www.scopus.com/inward/record.uri?eid=2-s2.0-85104842019&doi=10.1016%2fj.procs.2021.03.008&partnerID=40&md5=090eb357ec271e12bad2fceb05db059d","Ahli United Bank, Manama, Bahrain; Ahlia University, Manama, Bahrain","Alansari, Y., Ahli United Bank, Manama, Bahrain; Musleh Al-Sartawi, A.M.A., Ahlia University, Manama, Bahrain","Corporate Governance; E-Banking; GCC; IT Governance; Listed Banks","'current; Banking IS; Banking sectors; Banking services; Corporate governance; E-banking; Elsevier; GCC; IT governance; Listed banks; Electronic commerce",,,"Musleh Al-Sartawi, A.M.A.; Ahlia UniversityBahrain; email: amasartawi@hotmail.com","Elsevier B.V.",18770509,,,,"English","Procedia Comput. Sci.",Conference Paper,"Final","All Open Access, Gold",Scopus,2-s2.0-85104842019
"Hannoon A., Al-Sartawi A.M.A.M., Khalid A.A.","57204502013;57191107039;57194470447;","Relationship Between Financial Technology and Financial Performance",2021,"Studies in Computational Intelligence","974",,,"337","344",,16,"10.1007/978-3-030-73057-4_26","https://www.scopus.com/inward/record.uri?eid=2-s2.0-85107062755&doi=10.1007%2f978-3-030-73057-4_26&partnerID=40&md5=2b983ad8901d0e453a3a060b75554a89","American University in the Emirates, Dubai, United Arab Emirates; Ahlia University, Manama, Bahrain; Universiti Pendidikan Sultan Idris, Perak, Malaysia","Hannoon, A., American University in the Emirates, Dubai, United Arab Emirates; Al-Sartawi, A.M.A.M., Ahlia University, Manama, Bahrain; Khalid, A.A., Universiti Pendidikan Sultan Idris, Perak, Malaysia","Bahrain; Banks; Financial technology; Performance; ROE",,,,"Hannoon, A.; American University in the EmiratesUnited Arab Emirates; email: azzamhannon@hotmail.com","Springer Science and Business Media Deutschland GmbH",1860949X,,,,"English","Stud. Comput. Intell.",Book Chapter,"Final","",Scopus,2-s2.0-85107062755
"Alam T.M., Mushtaq M., Shaukat K., Hameed I.A., Sarwar M.U., Luo S.","57208017350;57208018860;53986622700;36175945700;57205194352;13103725600;","A novel method for performance measurement of public educational institutions using machine learning models",2021,"Applied Sciences (Switzerland)","11","19","9296","","",,13,"10.3390/app11199296","https://www.scopus.com/inward/record.uri?eid=2-s2.0-85116945391&doi=10.3390%2fapp11199296&partnerID=40&md5=6d65af54b7a06e9e3c669bc80f249a9d","Department of Computer Science and Information Technology, Virtual University of Pakistan, Lahore, 54890, Pakistan; Department of Computer Science, University of Engineering and Technology, Lahore, 54890, Pakistan; School of Information and Physical Sciences, The University of Newcastle, Callaghan, 2308, Australia; Department of Data Science, University of the Punjab, Lahore, 54890, Pakistan; Department of ICT and Natural Sciences, Norwegian University of Science and Technology, Trondheim, 7491, Norway; Department of Computer Science, Government College University Faisalabad, Faisalabad, 38000, Pakistan","Alam, T.M., Department of Computer Science and Information Technology, Virtual University of Pakistan, Lahore, 54890, Pakistan; Mushtaq, M., Department of Computer Science, University of Engineering and Technology, Lahore, 54890, Pakistan; Shaukat, K., School of Information and Physical Sciences, The University of Newcastle, Callaghan, 2308, Australia, Department of Data Science, University of the Punjab, Lahore, 54890, Pakistan; Hameed, I.A., Department of ICT and Natural Sciences, Norwegian University of Science and Technology, Trondheim, 7491, Norway; Sarwar, M.U., Department of Computer Science, Government College University Faisalabad, Faisalabad, 38000, Pakistan; Luo, S., School of Information and Physical Sciences, The University of Newcastle, Callaghan, 2308, Australia","Educational data mining; Governance; Institutes performance; Key performance indicators; Performance measurement",,,,"Alam, T.M.; Department of Computer Science and Information Technology, Pakistan; email: Talhamahboob5@gmail.com
Shaukat, K.; School of Information and Physical Sciences, Australia; email: Kamran.shaukat@uon.edu.au
Hameed, I.A.; Department of ICT and Natural Sciences, Norway; email: ibib@ntnu.no","MDPI",20763417,,,,"English","Appl. Sci.",Article,"Final","All Open Access, Gold, Green",Scopus,2-s2.0-85116945391
"Li Z., Zhong R.Y., Tian Z.G., Dai H.-N., Barenji A.V., Huang G.Q.","57189370824;55353690000;57201190028;55602606800;55616657900;7403425048;","Industrial Blockchain: A state-of-the-art Survey",2021,"Robotics and Computer-Integrated Manufacturing","70",,"102124","","",,13,"10.1016/j.rcim.2021.102124","https://www.scopus.com/inward/record.uri?eid=2-s2.0-85099789254&doi=10.1016%2fj.rcim.2021.102124&partnerID=40&md5=3b76bc10d31022dba60c5d6fd26bbfb0","Guangdong Provincial Key Laboratory of Computer Integrated Manufacturing Systems, School of Electromechanical Engineering, Guangdong University of Technology, Guangzhou, Guangdong, China; Department of Mechanical and Energy Engineering, Southern University of Science and Technology, Shenzhen, Guangdong, China; HKU-ZIRI Lab for Physical Internet, Department of Industrial and Manufacturing Systems Engineering, University of Hong Kong, Hong Kong, Hong Kong; Faculty of Information Technology, Macau University of Science and Technology, Macao, Macau; H. Milton Stewart School of Industrial and Systems Engineering, Georgia Institute of Technology, Atlanta, United States","Li, Z., Guangdong Provincial Key Laboratory of Computer Integrated Manufacturing Systems, School of Electromechanical Engineering, Guangdong University of Technology, Guangzhou, Guangdong, China, Department of Mechanical and Energy Engineering, Southern University of Science and Technology, Shenzhen, Guangdong, China; Zhong, R.Y., HKU-ZIRI Lab for Physical Internet, Department of Industrial and Manufacturing Systems Engineering, University of Hong Kong, Hong Kong, Hong Kong; Tian, Z.G., Guangdong Provincial Key Laboratory of Computer Integrated Manufacturing Systems, School of Electromechanical Engineering, Guangdong University of Technology, Guangzhou, Guangdong, China; Dai, H.-N., Faculty of Information Technology, Macau University of Science and Technology, Macao, Macau; Barenji, A.V., H. Milton Stewart School of Industrial and Systems Engineering, Georgia Institute of Technology, Atlanta, United States; Huang, G.Q., HKU-ZIRI Lab for Physical Internet, Department of Industrial and Manufacturing Systems Engineering, University of Hong Kong, Hong Kong, Hong Kong","Industrial Blockchain; literature review; manufacturing; supply chain","Agricultural robots; Blockchain; Supply chains; Surveys; Asia Pacific region; Future perspectives; Improving systems; Multi dimensional; Research institutes; Research questions; Revolutionary technology; Statistic analysis; Industrial research",,,"Huang, G.Q.; HKU-ZIRI Lab for Physical Internet, Hong Kong; email: gqhuang@hku.hk","Elsevier Ltd",07365845,,RCIME,,"English","Rob Comput Integr Manuf",Review,"Final","",Scopus,2-s2.0-85099789254
"Suryono R.R., Budi I., Purwandari B.","57188804735;14021131100;56716397400;","Detection of fintech P2P lending issues in Indonesia",2021,"Heliyon","7","4","e06782","","",,12,"10.1016/j.heliyon.2021.e06782","https://www.scopus.com/inward/record.uri?eid=2-s2.0-85104317093&doi=10.1016%2fj.heliyon.2021.e06782&partnerID=40&md5=564c8d9a7cb63e4aaa69106a4c86a010","Universitas Indonesia, Depok, 16424, Indonesia; Universitas Teknokrat Indonesia, Bandar Lampung, 35142, Indonesia","Suryono, R.R., Universitas Indonesia, Depok, 16424, Indonesia, Universitas Teknokrat Indonesia, Bandar Lampung, 35142, Indonesia; Budi, I., Universitas Indonesia, Depok, 16424, Indonesia; Purwandari, B., Universitas Indonesia, Depok, 16424, Indonesia","Financial technology; Fintech; Focus Group Discussion; Indonesia; P2P lending",,"This research was funded by HIBAH Publikasi Terindeks Internasional (PUTI) Doktor, Universitas Indonesia , grant number NKB-3224/UN2.RST/HKP.05.00/2020 .",,"Budi, I.; Universitas IndonesiaIndonesia; email: indra@cs.ui.ac.id","Elsevier Ltd",24058440,,,,"English","Heliyon",Article,"Final","All Open Access, Gold, Green",Scopus,2-s2.0-85104317093
"Laidroo L., Koroleva E., Kliber A., Rupeika-Apoga R., Grigaliuniene Z.","24528965800;57221953788;36782489400;57191521370;55383567400;","Business models of FinTechs – Difference in similarity?",2021,"Electronic Commerce Research and Applications","46",,"101034","","",,11,"10.1016/j.elerap.2021.101034","https://www.scopus.com/inward/record.uri?eid=2-s2.0-85100738807&doi=10.1016%2fj.elerap.2021.101034&partnerID=40&md5=1901ca0944ccc7fd5d35a9bab1b14507","TalTech School of Business and Governance, Akadeemia tee 3, Tallinn, 12618, Estonia; Graduate School of Industrial Economics, Peter the Great St. Petersburg Polytechnic University, St. Petersburg, Russian Federation; Poznan University of Economics and Business, Poznan, Poland; University of Latvia, Riga, Latvia; QAHE NU London Campus, United Kingdom","Laidroo, L., TalTech School of Business and Governance, Akadeemia tee 3, Tallinn, 12618, Estonia; Koroleva, E., Graduate School of Industrial Economics, Peter the Great St. Petersburg Polytechnic University, St. Petersburg, Russian Federation; Kliber, A., Poznan University of Economics and Business, Poznan, Poland; Rupeika-Apoga, R., University of Latvia, Riga, Latvia; Grigaliuniene, Z., QAHE NU London Campus, United Kingdom","Business model attributes; Business model canvas; Business models; FinTech; FinTech ecosystem","Cluster analysis; Service industry; Surveys; Business modeling; Central and Eastern Europe; Country comparisons; Customer segments; Delivery channels; Financial service; Payment services; Value proposition; Fintech","This work was supported by the Tallinn University of Technology , Estonia, under grants B57 ‘Efficiency in Financial Sector in Light of Changing Regulatory Environment’ and BHV1 ‘Digital Development in Finance’, as well as the project grant lzp-2020/2-0061 from the Latvian Council of Science. We acknowledge also the support of National Science Poland through the project MINIATURA 2019/03/X/HS4/01025 (covering the cost of running the Polish survey) as well as Regional Initiative for Excellence programme of the Minister of Science and Higher Education of Poland, years 2019–2022, grant no. 004/RID/2018/19, financing 3,000,000 PLN (further research steps). The funding providers had no role in the research process from study design to submission.",,"Laidroo, L.; TalTech School of Business and Governance, Akadeemia tee 3, Estonia; email: laivi.laidroo@taltech.ee","Elsevier B.V.",15674223,,,,"English","Elect. Commer. Res. Appl.",Article,"Final","",Scopus,2-s2.0-85100738807
"Leal F., Chis A.E., González–Vélez H.","57190765181;57194284987;57221636692;","Multi-service model for blockchain networks",2021,"Information Processing and Management","58","3","102525","","",,8,"10.1016/j.ipm.2021.102525","https://www.scopus.com/inward/record.uri?eid=2-s2.0-85100262505&doi=10.1016%2fj.ipm.2021.102525&partnerID=40&md5=c883a84e14d2b4af6dcbe16770786f40","Cloud Competency Centre, School of Computing, National College of Ireland, Dublin, Ireland; REMIT, Universidade Portucalense, Porto, Portugal","Leal, F., Cloud Competency Centre, School of Computing, National College of Ireland, Dublin, Ireland, REMIT, Universidade Portucalense, Porto, Portugal; Chis, A.E., Cloud Competency Centre, School of Computing, National College of Ireland, Dublin, Ireland; González–Vélez, H., Cloud Competency Centre, School of Computing, National College of Ireland, Dublin, Ireland","Business models; Ethereum; Network selection; Quality of service; Reliability; Service networks","Blockchain; Costs; Miners; Quality of service; Reliability; Scalability; Business modeling; Consensus algorithms; Decentralised; Evaluation metrics; Multi-services; Multiple services; Multiservice network; Service Quality; Ethereum",,,"Leal, F.; Cloud Competency Centre, Ireland; email: fatimal@upt.pt","Elsevier Ltd",03064573,,IPMAD,,"English","Inf. Process. Manage.",Article,"Final","All Open Access, Hybrid Gold, Green",Scopus,2-s2.0-85100262505
"Martínez-Plumed F., Gómez E., Hernández-Orallo J.","36716636100;14015483200;6602454434;","Futures of artificial intelligence through technology readiness levels",2021,"Telematics and Informatics","58",,"101525","","",,8,"10.1016/j.tele.2020.101525","https://www.scopus.com/inward/record.uri?eid=2-s2.0-85097574569&doi=10.1016%2fj.tele.2020.101525&partnerID=40&md5=ca0dd88451bde5f9ed3b26234c161a31","Joint Research Centre, European Commission, Spain; Valencian Research Institute for Artificial Intelligence (VRAIN), Universitat Politècnica de València, Spain","Martínez-Plumed, F., Joint Research Centre, European Commission, Spain, Valencian Research Institute for Artificial Intelligence (VRAIN), Universitat Politècnica de València, Spain; Gómez, E., Joint Research Centre, European Commission, Spain; Hernández-Orallo, J., Valencian Research Institute for Artificial Intelligence (VRAIN), Universitat Politècnica de València, Spain","AI technologies; Capabilities; Generality; Technology readiness; TRLs","Benchmarking; Fintech; AI Technologies; Exemplar-based; Ready to use; Real world environments; Research papers; Technology readiness levels; Two-dimension; Various technologies; Artificial intelligence","This material is based upon work supported by the EU (FEDER), and the Spanish MINECO under grant RTI2018-094403-B-C3, the Generalitat Valenciana PROMETEO/2019/098. F. Martínez-Plumed acknowledges funding of the AI-Watch project by DG CONNECT and DG JRC of the European Commission. J. Hernández-Orallo is funded by an Future of Life Institute (FLI) grant RFP2-152.",,"Martínez-Plumed, F.; Joint Research Centre, Spain; email: Fernando.MARTINEZ-PLUMED@ec.europa.eu","Elsevier Ltd",07365853,,TEINE,,"English","Telematics Inf",Article,"Final","All Open Access, Hybrid Gold, Green",Scopus,2-s2.0-85097574569
"Fletcher E., Larkin C., Corbet S.","57222197862;17434737500;56443822800;","Countering money laundering and terrorist financing: A case for bitcoin regulation",2021,"Research in International Business and Finance","56",,"101387","","",,8,"10.1016/j.ribaf.2021.101387","https://www.scopus.com/inward/record.uri?eid=2-s2.0-85101864835&doi=10.1016%2fj.ribaf.2021.101387&partnerID=40&md5=5229bffa5ffa5da08830209a2227466c","Kreiger School of Arts & Sciences, Johns Hopkins University, Baltimore, MD, United States; Institute for Policy Research, University of Bath, United Kingdom; Trinity Business School, Trinity College Dublin, Dublin 2, Ireland; DCU Business School, Dublin City University, Dublin 9, Ireland; School of Accounting, Finance and Economics, University of Waikato, New Zealand","Fletcher, E., Kreiger School of Arts & Sciences, Johns Hopkins University, Baltimore, MD, United States; Larkin, C., Kreiger School of Arts & Sciences, Johns Hopkins University, Baltimore, MD, United States, Institute for Policy Research, University of Bath, United Kingdom, Trinity Business School, Trinity College Dublin, Dublin 2, Ireland; Corbet, S., DCU Business School, Dublin City University, Dublin 9, Ireland, School of Accounting, Finance and Economics, University of Waikato, New Zealand","Cryptocurrency; Money laundering; Regulation; Terrorist financing",,,,"Corbet, S.; DCU Business School, Dublin 9, Ireland; email: shaen.corbet@dcu.ie","Elsevier Ltd",02755319,,,,"English","Res. Int. Bus. Financ.",Article,"Final","",Scopus,2-s2.0-85101864835
"Nasir A., Shaukat K., Khan K.I., Hameed I.A., Alam T.M., Luo S.","55398249000;53986622700;54395558800;36175945700;57208017350;13103725600;","What is Core and What Future Holds for Blockchain Technologies and Cryptocurrencies: A Bibliometric Analysis",2021,"IEEE Access","9",,"9305241","989","1004",,8,"10.1109/ACCESS.2020.3046931","https://www.scopus.com/inward/record.uri?eid=2-s2.0-85098780894&doi=10.1109%2fACCESS.2020.3046931&partnerID=40&md5=97847e4432571bb55384076157b319aa","Department of Management Sciences, Lahore College for Women University, Lahore, 54000, Pakistan; School of Electrical Engineering and Computing, The University of Newcastle, Callaghan, NSW  2308, Australia; Institute of Business and Management, University of Engineering and Technology at Lahore, Lahore, 54000, Pakistan; Department of ICT and Natural Sciences, Norwegian University of Science and Technology, Trondheim, 7491, Norway; Punjab University College of Information Technology, University of the Punjab, Lahore, 54590, Pakistan; Department of Computer Science, University of Engineering and Technology, Lahore, 54890, Pakistan","Nasir, A., Department of Management Sciences, Lahore College for Women University, Lahore, 54000, Pakistan; Shaukat, K., School of Electrical Engineering and Computing, The University of Newcastle, Callaghan, NSW  2308, Australia, Punjab University College of Information Technology, University of the Punjab, Lahore, 54590, Pakistan; Khan, K.I., Institute of Business and Management, University of Engineering and Technology at Lahore, Lahore, 54000, Pakistan; Hameed, I.A., Department of ICT and Natural Sciences, Norwegian University of Science and Technology, Trondheim, 7491, Norway; Alam, T.M., Department of Computer Science, University of Engineering and Technology, Lahore, 54890, Pakistan; Luo, S., School of Electrical Engineering and Computing, The University of Newcastle, Callaghan, NSW  2308, Australia","bibliometric analysis; bitcoin; Blockchain; cryptocurrency; digital currency; litecoin; ripple; security","Cryptocurrency; Data streams; Information management; Research and development management; Bibliometric analysis; Consensus protocols; Core journals; Data and information; Islamic finances; Peking University; Security management; Stepping stone; Blockchain","This work was supported by the Norwegian University of Science and Technology, Norway.",,"Shaukat, K.; School of Electrical Engineering and Computing, Australia; email: kamran.shaukat@uon.edu.au","Institute of Electrical and Electronics Engineers Inc.",21693536,,,,"English","IEEE Access",Article,"Final","All Open Access, Gold, Green",Scopus,2-s2.0-85098780894
"Harraf A., Ghura H., Hamdan A., Li X.","57204285743;57211299793;56825295800;36844333000;","Formal institutions and the development of entrepreneurial activity – the contingent role of corruption in emerging economies",2021,"Journal of Entrepreneurship and Public Policy","10","1",,"15","37",,7,"10.1108/JEPP-06-2020-0033","https://www.scopus.com/inward/record.uri?eid=2-s2.0-85097240948&doi=10.1108%2fJEPP-06-2020-0033&partnerID=40&md5=7967dabc989015ea5544e8492635310c","Business Studies, Box Hill Institute, Box Hill College Kuwait, Safat, Kuwait; Accounting and Finance, Ahlia University, Manama, Bahrain; Brunel University London, Uxbridge, United Kingdom","Harraf, A., Business Studies, Box Hill Institute, Box Hill College Kuwait, Safat, Kuwait; Ghura, H., Business Studies, Box Hill Institute, Box Hill College Kuwait, Safat, Kuwait; Hamdan, A., Accounting and Finance, Ahlia University, Manama, Bahrain; Li, X., Brunel University London, Uxbridge, United Kingdom","Corruption; Emerging economies; Entrepreneurship",,,,"Harraf, A.; Business Studies, Kuwait; email: a.harraf@bhck.edu.kw","Emerald Group Holdings Ltd.",20452101,,,,"English","J. Enterpr. Pub. Pol.",Article,"Final","All Open Access, Green",Scopus,2-s2.0-85097240948
"von Solms J.","57218227306;","Integrating Regulatory Technology (RegTech) into the digital transformation of a bank Treasury",2021,"Journal of Banking Regulation","22","2",,"152","168",,6,"10.1057/s41261-020-00134-0","https://www.scopus.com/inward/record.uri?eid=2-s2.0-85090438623&doi=10.1057%2fs41261-020-00134-0&partnerID=40&md5=e57d8778ac84ba65bc8e82bb0706b23d","University of Johannesburg, Cnr of Kingsway avenue & University road, Johannesburg, South Africa","von Solms, J., University of Johannesburg, Cnr of Kingsway avenue & University road, Johannesburg, South Africa","Coronavirus; Digital technology; Innovation; Regulations and compliance; Regulatory Technology (RegTech); Smart Treasury",,,,"von Solms, J.; University of Johannesburg, Cnr of Kingsway avenue & University road, South Africa; email: jvonsolms@gmail.com","Palgrave Macmillan",17456452,,,,"English","J. Bank. Regul.",Article,"Final","All Open Access, Bronze",Scopus,2-s2.0-85090438623
"Siering M., Muntermann J., Grčar M.","55073684900;15623729200;15076659600;","Design principles for robust fraud detection: The case of stock market manipulations",2021,"Journal of the Association for Information Systems","22","1","4","156","178",,6,"10.17705/1jais.00657","https://www.scopus.com/inward/record.uri?eid=2-s2.0-85099539821&doi=10.17705%2f1jais.00657&partnerID=40&md5=d703540fbb936da07ec87641ee5b7264","Goethe University, Frankfurt, Germany; University of Goettingen, Germany; Jožef Stefan Institute, Slovenia","Siering, M., Goethe University, Frankfurt, Germany; Muntermann, J., University of Goettingen, Germany; Grčar, M., Jožef Stefan Institute, Slovenia","Data Mining; Design Principles; Ensemble Learning; Fraud Detection; Instrumentalism; Market Manipulation; Text Mining","Classification (of information); Crime; Financial markets; Linguistics; Design Principles; Ensemble learning; Fraud detection system; Linguistic features; Market manipulation; Robustness evaluation; Securities fraud; Supervisory authority; Feature extraction",,,,"Association for Information Systems",15369323,,,,"English","J. Assoc. Inf. Syst.",Article,"Final","All Open Access, Green",Scopus,2-s2.0-85099539821
"Aggarwal S., Kumar N.","57195931525;57206866080;","Blockchain 2.0: Smart contracts☆",2021,"Advances in Computers","121",,,"301","322",,6,"10.1016/bs.adcom.2020.08.015","https://www.scopus.com/inward/record.uri?eid=2-s2.0-85092066769&doi=10.1016%2fbs.adcom.2020.08.015&partnerID=40&md5=5ffa000424a6e584854c305f491200ce","Thapar Institute of Engineering & Technology, Patiala, Punjab, India","Aggarwal, S., Thapar Institute of Engineering & Technology, Patiala, Punjab, India; Kumar, N., Thapar Institute of Engineering & Technology, Patiala, Punjab, India","Ethereum platform; Smart contracts; Solidity",,"Neeraj Kumar received his PhD in CSE from Shri Mata Vaishno Devi University, Katra (Jammu and Kashmir), India in 2009, and was a postdoctoral research fellow in Coventry University, Coventry, United Kingdom. He is working as a professor in the Department of Computer Science and Engineering, Thapar Institute of Engineering and Technology (Deemed to be University), Patiala, Punjab, India. He has published more than 400 technical research papers in top-cited journals such as IEEE TKDE, IEEE TIE, IEEE TDSC, IEEE TITS, IEEE TCE, IEEE TII, IEEE TVT, IEEE ITS, IEEE SG, IEEE Network, IEEE Communications, IEEE WC, IEEE IoTJ, IEEE SJ, Computer Networks, Information sciences, FGCS, JNCA, JPDC, and ComCom. He has guided many research scholars leading to PhD and ME/MTech. His research is supported by funding from UGC, DST, CSIR, and TCS. His research areas are Network management, IoT, Big Data Analytics, Deep learning, and cyber-security. He is serving as an editor of the following journals of repute: ACM Computing Survey, ACM·IEEE Transactions on Sustainable Computing, IEEE·IEEE Systems Journal, IEEE·IEEE Network Magazine, IEE·IEEE Communication Magazine, IEE·Journal of Net-works and Computer Applications, Elsevier · Computer Communication, Elsevier·International Journal of Communication Systems, Wiley. Also, he has been a guest editor of various International Journals of repute such as IEEE Access, IEEE ITS, Elsevier CEE, IEEE Communication Magazine, IEEE Network Magazine, Computer Networks, Elsevier, Future Generation Computer Systems, Elsevier, Journal of Medical Systems, Springer, Computer and Electrical Engineering, Elsevier, Mobile Information Systems, International Journal of Ad hoc, and Ubiquitous Computing, Telecommunication Systems, Springer, and Journal of Supercomputing, Springer. He has also edited/authored 10 books with International/National Publishers like IET, Springer, Elsevier, CRC, Security and Privacy of Electronic Healthcare Records: Concepts, paradigms and solutions (ISBN-13: 978-1-78561-898-7), Machine Learning for Cognitive IoT, CRC Press, Blockchain, Big Data and IoT, Blockchain Technologies across industrial vertical, Elsevier, Multimedia Big Data Computing for IoT Applications: Concepts, Paradigms and Solutions (ISBN: 978-981-13-8759-3), Proceedings of First International Conference on Computing, Communications, and Cyber-Security (IC4S 2019) (ISBN 978-981-15-3369-3). One of the edited text-book entitled “Multimedia Big Data Computing for IoT Applications: Concepts, Paradigms, and Solutions” published in Springer in 2019 is having 3.5 million downloads till June 06, 2020. It attracts the attention of the researchers across the globe (https://www.springer.com/in/book/9789811387586). He has been a workshop chair at IEEE Globecom 2018 and IEEE ICC 2019 and TPC Chair and member for various International conferences such as IEEE MASS 2020 and IEEE MSN 2020. He is a senior member of the IEEE. He has more than 12,321 citations to his credit with current h-index of 60 (September 2020). He has won the best papers award from IEEE Systems Journal and ICC 2018, Kansas-city in 2018. He has been listed in the highly cited researcher of 2019 list of web of science (WoS). In India, he is listed in top 10 position among highly cited researchers list. He is an adjunct professor at Asia University, Taiwan, King Abdul Aziz University, Jeddah, Saudi Arabia and Charles Darwin University, Australia.",,,"Academic Press Inc.",00652458,9780128219911,,,"English","Adv. Comput.",Book Chapter,"Final","",Scopus,2-s2.0-85092066769
"Clapham B., Siering M., Gomber P.","57190298144;55073684900;6603092979;","Popular News Are Relevant News! How Investor Attention Affects Algorithmic Decision-Making and Decision Support in Financial Markets",2021,"Information Systems Frontiers","23","2",,"477","494",,5,"10.1007/s10796-019-09950-w","https://www.scopus.com/inward/record.uri?eid=2-s2.0-85075373874&doi=10.1007%2fs10796-019-09950-w&partnerID=40&md5=41281ddec5d12d8d7931a5e215721650","Goethe University Frankfurt, Theodor-W.-Adorno-Platz 4, Frankfurt, 60323, Germany","Clapham, B., Goethe University Frankfurt, Theodor-W.-Adorno-Platz 4, Frankfurt, 60323, Germany; Siering, M., Goethe University Frankfurt, Theodor-W.-Adorno-Platz 4, Frankfurt, 60323, Germany; Gomber, P., Goethe University Frankfurt, Theodor-W.-Adorno-Platz 4, Frankfurt, 60323, Germany","Algorithmic decision-making; Decision support systems; Investor attention; Sentiment analysis; Trading simulation; Trading strategies","Commerce; Data Analytics; Decision making; Decision support systems; Financial markets; Investments; Large dataset; Losses; Sentiment analysis; Decision supports; Economic loss; Investment decisions; Investor attention; Market participants; Small data set; Trading simulation; Trading strategies; Electronic trading",,,"Siering, M.; Goethe University Frankfurt, Theodor-W.-Adorno-Platz 4, Germany; email: siering@wiwi.uni-frankfurt.de","Springer",13873326,,,,"English","Inf. Syst. Front.",Article,"Final","",Scopus,2-s2.0-85075373874
"Turki M., Hamdan A., Ajmi J.A., Razzaque A.","57217296515;56825295800;57571811400;55038266000;","Regulatory technology (regtech) and money laundering prevention: exploratory study from bahrain",2021,"Advances in Intelligent Systems and Computing","1141",,,"349","359",,5,"10.1007/978-981-15-3383-9_32","https://www.scopus.com/inward/record.uri?eid=2-s2.0-85087013571&doi=10.1007%2f978-981-15-3383-9_32&partnerID=40&md5=57a6d532227e2f5ecb02cff44b5f0bc7","Ahlia University, Manama, Bahrain; Conventional Wholesale Bank, Compliance Assistant, DMLRO, Inspection Officer, Manama, Bahrain","Turki, M., Conventional Wholesale Bank, Compliance Assistant, DMLRO, Inspection Officer, Manama, Bahrain; Hamdan, A., Ahlia University, Manama, Bahrain; Ajmi, J.A., Ahlia University, Manama, Bahrain; Razzaque, A., Ahlia University, Manama, Bahrain","Anti-money laundering; Bahrain; Regulatory technology (RegTech)","Banking; Logistic regression; Machine learning; Anti-money laundering; Banking industry; Compliance costs; Descriptive analysis; Exploratory studies; Financial crisis; Money laundering; Regression model; Laundering",,,"Hamdan, A.; Ahlia UniversityBahrain; email: allamh3@hotmail.com","Springer",21945357,9789811533822,,,"English","Adv. Intell. Sys. Comput.",Conference Paper,"Final","",Scopus,2-s2.0-85087013571
"Demianchuk M., Bezpartochnyi M., Filipishyna L., Živitere M.","57211272775;57221374730;56512244000;56669949500;","The model of achieving a balanced balance between economic efficiency and ecological-social responsibility of digitalized enterprise",2021,"Journal of Optimization in Industrial Engineering","14","1",,"63","70",,4,"10.22094/JOIE.2020.677817","https://www.scopus.com/inward/record.uri?eid=2-s2.0-85098974588&doi=10.22094%2fJOIE.2020.677817&partnerID=40&md5=022e5cda4fd2bb81a68076d6b71e6743","Department of Finance Banking and Insurance, Odessa I.I. Mechnikov National University, Odessa, Ukraine; Department of Economics and Marketing, National Aerospace University N. Zhukovsky ""Kharkiv Aviation Institute"", Kharkiv, Ukraine; Director of Innovation Centre, National University of Shipbuilding named after Admiral Makarov, Mykolaiv, Ukraine; Head of Department, ISMA University, Riga, Latvia","Demianchuk, M., Department of Finance Banking and Insurance, Odessa I.I. Mechnikov National University, Odessa, Ukraine; Bezpartochnyi, M., Department of Economics and Marketing, National Aerospace University N. Zhukovsky ""Kharkiv Aviation Institute"", Kharkiv, Ukraine; Filipishyna, L., Director of Innovation Centre, National University of Shipbuilding named after Admiral Makarov, Mykolaiv, Ukraine; Živitere, M., Head of Department, ISMA University, Riga, Latvia","Balanced development; Digitization; Responsibility of the enterprise; Socio-ecological-economic development",,,,"Demianchuk, M.; Department of Finance Banking and Insurance, Ukraine","Qazvin Islamic Azad University",22519904,,,,"English","J. Optim. Ind. Eng.",Article,"Final","",Scopus,2-s2.0-85098974588
"Fuad A., Al-Hashimi M., Hamdan A.","57070158900;57208342511;56825295800;","The Impact of Innovative Technology on the Aviation Industry and on Customers Preference",2021,"Studies in Computational Intelligence","935",,,"57","69",,4,"10.1007/978-3-030-62796-6_3","https://www.scopus.com/inward/record.uri?eid=2-s2.0-85102010951&doi=10.1007%2f978-3-030-62796-6_3&partnerID=40&md5=7da7e10cf852ebb27bb4f0843799c1a9","Customer and Priority Care Officer, Gulf Air, Washington, DC, Bahrain; College of Business and Finance, Ahlia University, Manama, Bahrain","Fuad, A., Customer and Priority Care Officer, Gulf Air, Washington, DC, Bahrain; Al-Hashimi, M., College of Business and Finance, Ahlia University, Manama, Bahrain; Hamdan, A., College of Business and Finance, Ahlia University, Manama, Bahrain","Airline industry; Airline passengers; Bahrain; Innovative technology",,,,"Hamdan, A.; College of Business and Finance, Bahrain; email: allamh3@hotmail.com","Springer Science and Business Media Deutschland GmbH",1860949X,,,,"English","Stud. Comput. Intell.",Book Chapter,"Final","",Scopus,2-s2.0-85102010951
"Le M.T.H.","57219950630;","Examining factors that boost intention and loyalty to use Fintech post-COVID-19 lockdown as a new normal behavior",2021,"Heliyon","7","8","e07821","","",,3,"10.1016/j.heliyon.2021.e07821","https://www.scopus.com/inward/record.uri?eid=2-s2.0-85115361939&doi=10.1016%2fj.heliyon.2021.e07821&partnerID=40&md5=994f1e8aed2a474c656d287f87f2383b","University of Economics, Ho Chi Minh City, Viet Nam","Le, M.T.H., University of Economics, Ho Chi Minh City, Viet Nam","COVID-19 lockdown; Intention to use; Loyalty; New normal behavior; Perceived usefulness",,"Fintech technology (Fintech) is an emerging innovation in the financial industry, driven in part by the era of Industry 4.0. Internet availability and mobile communication have become indispensable in modern life, making the US a huge market for digital financial services. Fintech includes checking bank balances, making payments, and performing account transactions ( Tiwari and Kartika, 2019 ). According to Forbes, consumer utilization of finance apps grew 71% in 2019( Salz, 2020 ). In 2018, the US Fintech market was $18, and Fintech start-ups have recently boomed ( Kauflin, 2020 ). Internet financial service users are going mobile, and most banks and other financial services are competing to gain a large number of users ( Fisher, 2001 ; Lee et al., 2012 ). During lockdown due to COVID-19, shops and borders have closed and Fintech has accelerated at a rapid speed ( Talwar et al., 2020 ), creating a significant opportunity for Fintech firms.",,"Le, M.T.H.; University of EconomicsViet Nam; email: minhlth@ueh.edu.vn","Elsevier Ltd",24058440,,,,"English","Heliyon",Article,"Final","All Open Access, Green",Scopus,2-s2.0-85115361939
"Petrov N.A.","57217736530;","Main Trends in the Market of Electronic Financial Services in Russia",2021,"Lecture Notes in Networks and Systems","160 LNNS",,,"708","712",,3,"10.1007/978-3-030-60929-0_91","https://www.scopus.com/inward/record.uri?eid=2-s2.0-85093842716&doi=10.1007%2f978-3-030-60929-0_91&partnerID=40&md5=9eea5f10b89aa2e055f136fb699fdbc4","Samara State University of Economics, Samara, Russian Federation","Petrov, N.A., Samara State University of Economics, Samara, Russian Federation","Bank; Credit cards; Cryptocurrency; Electronic payments; Online trading; Payment orders",,,,"Petrov, N.A.; Samara State University of EconomicsRussian Federation; email: petrovnkt@gmail.com","Springer Science and Business Media Deutschland GmbH",23673370,9783030609283,,,"English","Lect. Notes Networks Syst.",Conference Paper,"Final","",Scopus,2-s2.0-85093842716
"Maslii N., Riashchenko V., Syvolap L., Bezpartochna O.","57201065209;57221740250;57226664786;57226659769;","Management approach to implementation of eep-system and cbip for effective of enterprises' integration",2021,"Journal of Information Technology Management","13",,,"91","102",,2,"10.22059/JITM.2021.80739","https://www.scopus.com/inward/record.uri?eid=2-s2.0-85112289772&doi=10.22059%2fJITM.2021.80739&partnerID=40&md5=fdb8c7d107c45a534f8b1525c0ffd973","Department of Finance Banking and Insurance, Odessa I.I. Mechnikov National University, Odessa, Ukraine; Department of Management and Marketing, ISMA University, Riga, Latvia; Department of Human Resources and Enterprise Economics, Donetsk State University of Management, Mariupol, Ukraine; Department of Finance, University of Finance Business and Entrepreneurship, Sofia, Bulgaria","Maslii, N., Department of Finance Banking and Insurance, Odessa I.I. Mechnikov National University, Odessa, Ukraine; Riashchenko, V., Department of Management and Marketing, ISMA University, Riga, Latvia; Syvolap, L., Department of Human Resources and Enterprise Economics, Donetsk State University of Management, Mariupol, Ukraine; Bezpartochna, O., Department of Finance, University of Finance Business and Entrepreneurship, Sofia, Bulgaria","Comprehensive business integration process (CBIP); ERP-system; Information systems; Information technologies; Simulation modeling",,,,"Maslii, N.; Department of Finance Banking and Insurance, Ukraine; email: n.maslii@onu.edu.ua","University of Tehran",20085893,,,,"English","J. Inf. Technol. Manag.",Article,"Final","",Scopus,2-s2.0-85112289772
"Teeluck R., Durjan S., Bassoo V.","57219289285;57219287099;25626032800;","Blockchain technology and emerging communications applications",2021,"Studies in Systems, Decision and Control","308",,,"207","256",,2,"10.1007/978-3-030-53149-2_11","https://www.scopus.com/inward/record.uri?eid=2-s2.0-85092057885&doi=10.1007%2f978-3-030-53149-2_11&partnerID=40&md5=750e1cdb8d162201e5ace5af0f82e9b0","Department of Electrical and Electronic Engineering, Faculty of Engineering, University of Mauritius, Moka, Mauritius","Teeluck, R., Department of Electrical and Electronic Engineering, Faculty of Engineering, University of Mauritius, Moka, Mauritius; Durjan, S., Department of Electrical and Electronic Engineering, Faculty of Engineering, University of Mauritius, Moka, Mauritius; Bassoo, V., Department of Electrical and Electronic Engineering, Faculty of Engineering, University of Mauritius, Moka, Mauritius","5G; Blockchain; Cryptocurrency; Distributed ledger technology; Governance; Healthcare; Internet of things; Logistics; Mining; Smart contracts",,,,"Bassoo, V.; Department of Electrical and Electronic Engineering, Mauritius; email: v.bassoo@uom.ac.mu","Springer Science and Business Media Deutschland GmbH",21984182,,,,"English","Stud. Syst. Decis. Control",Book Chapter,"Final","",Scopus,2-s2.0-85092057885
"Richard, Heryadi Y., Lukas, Trisetyarso A.","56638189100;9944012900;6601998412;36337949500;","Leverage from Blockchain in Commodity Exchange: Asset-Backed Token with Ethereum Blockchain Network and Smart Contract",2021,"Smart Innovation, Systems and Technologies","182",,,"301","309",,2,"10.1007/978-981-15-5224-3_29","https://www.scopus.com/inward/record.uri?eid=2-s2.0-85089225563&doi=10.1007%2f978-981-15-5224-3_29&partnerID=40&md5=68c2d1a59b34e8ca5ddc319d2f2a3182","Information Systems Department, School of Information Systems, Bina Nusantara University, Jakarta, 11840, Indonesia; Computer Science Department, BINUS Graduate Program, Doctor of Computer Science, Bina Nusantara Univesity, Jakarta, 11840, Indonesia; Cognitive Engineering Research Group (CERG), Faculty of Engineering, Universitas Katolik Indonesia Atma Jaya, Jakarta, 12930, Indonesia","Richard, Information Systems Department, School of Information Systems, Bina Nusantara University, Jakarta, 11840, Indonesia, Computer Science Department, BINUS Graduate Program, Doctor of Computer Science, Bina Nusantara Univesity, Jakarta, 11840, Indonesia; Heryadi, Y., Cognitive Engineering Research Group (CERG), Faculty of Engineering, Universitas Katolik Indonesia Atma Jaya, Jakarta, 12930, Indonesia; Lukas, Computer Science Department, BINUS Graduate Program, Doctor of Computer Science, Bina Nusantara Univesity, Jakarta, 11840, Indonesia; Trisetyarso, A., Computer Science Department, BINUS Graduate Program, Doctor of Computer Science, Bina Nusantara Univesity, Jakarta, 11840, Indonesia","Asset-backed token; Blockchain; ERC-20; Ethereum; Token","Ethereum; Financial markets; Fintech; Commodity exchange; End to end; Real-world objects; Blockchain",,,"Richard; Information Systems Department, Indonesia; email: richard-slc@binus.edu","Springer",21903018,9789811552236,,,"English","Smart Innov. Syst. Technol.",Conference Paper,"Final","",Scopus,2-s2.0-85089225563
"Kniazieva O.","56294054900;","DIGITAL DEVELOPMENT of ECONOMY and SOCIETY under INFLUENCE of COVID-19 [ЦИФРОВИЙ РОЗВИТОК ЕКОНОМІКИ ТА СУСПІЛЬСТВА ПІД ВПЛИВОМ ПАНДЕМІЇ COVID-19]",2021,"Science and Innovation","17","1",,"42","53",,1,"10.15407/scine17.01.042","https://www.scopus.com/inward/record.uri?eid=2-s2.0-85103753976&doi=10.15407%2fscine17.01.042&partnerID=40&md5=cafde26b694d74c5f4b408bf1181d93e","О.S. Popov Odesa National Academy of Telecommunications, 1, Kuznechna St., Odesa, 65029, Ukraine","Kniazieva, O., О.S. Popov Odesa National Academy of Telecommunications, 1, Kuznechna St., Odesa, 65029, Ukraine","Development; Digital economy; Pandemic; Problems",,"The author expresses gratitude to the O.S. Po-pov Odesa National Academy of Telecommunications for financial support of this research that is an integral part of Digital Economy Development and Digitalization of Economic Processes project (state registration number 0118U100366).",,"Кniazieva, О.; О.S. Popov Odesa National Academy of Telecommunications, 1, Kuznechna St., Ukraine; email: kafedra.epiu@onat.edu.ua","Publishing House Akademperiodyka",24099066,,,,"English","Sci. Inno.",Article,"Final","All Open Access, Bronze",Scopus,2-s2.0-85103753976
"Nasir A., Khan K.I., Mata M.N., Mata P.N., Martins J.N.","55398249000;54395558800;57217486847;57217493597;57222170524;","Optimisation of time-varying asset pricing models with penetration of value at risk and expected shortfall",2021,"Mathematics","9","4","394","1","39",,1,"10.3390/math9040394","https://www.scopus.com/inward/record.uri?eid=2-s2.0-85101754037&doi=10.3390%2fmath9040394&partnerID=40&md5=463e7b3b20c9c88bf0a8cb9518a4a148","Department of Management Sciences, Lahore College for Women University, Lahore, 54000, Pakistan; Institute of Business & Management, University of Engineering and Technology, Lahore, 54000, Pakistan; Lisbon Accounting and Business School Lisbon Polytechnic Institute, Avenida Miguel Bombarda 20, Lisbon, 1069-035, Portugal; Polytechnic Institute of Santarém, School of Management and Technology (ESGTS-IPS), Santarém, 2001-904, Portugal; ESCS—Escola Superior de Comunicação Social, Lisbon Polytechnic Institute, Lisbon, 1549-014, Portugal; NOVA Information Management School, Universidade Nova de Lisboa Campus de Campolide, Lisboa, 1070-312, Portugal","Nasir, A., Department of Management Sciences, Lahore College for Women University, Lahore, 54000, Pakistan; Khan, K.I., Institute of Business & Management, University of Engineering and Technology, Lahore, 54000, Pakistan; Mata, M.N., Lisbon Accounting and Business School Lisbon Polytechnic Institute, Avenida Miguel Bombarda 20, Lisbon, 1069-035, Portugal, Polytechnic Institute of Santarém, School of Management and Technology (ESGTS-IPS), Santarém, 2001-904, Portugal; Mata, P.N., ESCS—Escola Superior de Comunicação Social, Lisbon Polytechnic Institute, Lisbon, 1549-014, Portugal; Martins, J.N., NOVA Information Management School, Universidade Nova de Lisboa Campus de Campolide, Lisboa, 1070-312, Portugal","Asset pricing; CAPM; Expected shortfall; Fama and French; Mathematical modelling; Risk and return; Risk management; Value at risk; VaR",,,,"Khan, K.I.; Institute of Business & Management, Pakistan; email: drkanwaliqbalkhan@gmail.com","MDPI AG",22277390,,,,"English","Mathematics",Article,"Final","All Open Access, Gold, Green",Scopus,2-s2.0-85101754037
"Ferretti F.","56234851600;","Peer-to-Peer lending and EU credit laws: A creditworthiness assessment, credit-risk analysis or... neither of the two?",2021,"German Law Journal","22","1",,"102","121",,1,"10.1017/glj.2020.100","https://www.scopus.com/inward/record.uri?eid=2-s2.0-85108089956&doi=10.1017%2fglj.2020.100&partnerID=40&md5=f99cafff2ed87f03444544cc787305ef","Department of Sociology and Business Law, University of Bologna, Bologna, Italy","Ferretti, F., Department of Sociology and Business Law, University of Bologna, Bologna, Italy","Credit-risk analysis; Creditworthiness assessment; EU credit laws; Fintech; Peer-to-peer lending",,,,"Ferretti, F.; Department of Sociology and Business Law, Italy","Cambridge University Press",20718322,,,,"English","German Law J.",Article,"Final","All Open Access, Gold",Scopus,2-s2.0-85108089956
"Ryan P., Crane M., Brennan R.","57219131815;8660401100;36447456700;","GDPR Compliance Tools: Best Practice from RegTech",2021,"Lecture Notes in Business Information Processing","417",,,"905","929",,1,"10.1007/978-3-030-75418-1_41","https://www.scopus.com/inward/record.uri?eid=2-s2.0-85106450406&doi=10.1007%2f978-3-030-75418-1_41&partnerID=40&md5=e40ffc83ddf1a7a0a6752313530f505e","ADAPT Centre, School of Computing, Dublin City University, Glasnevin, Dublin 9, Ireland; Uniphar PLC, Dublin, Ireland","Ryan, P., ADAPT Centre, School of Computing, Dublin City University, Glasnevin, Dublin 9, Ireland, Uniphar PLC, Dublin, Ireland; Crane, M., ADAPT Centre, School of Computing, Dublin City University, Glasnevin, Dublin 9, Ireland; Brennan, R., ADAPT Centre, School of Computing, Dublin City University, Glasnevin, Dublin 9, Ireland","Accountability; Compliance; Data protection officer; GDPR; RegTech","Demonstrations; Information systems; Information use; Interoperability; Privacy by design; Complex processing; Data governances; Geographical locations; Heterogeneous processing; Regulatory frameworks; Regulatory requirements; Software solution; Technological solution; Regulatory compliance","Acknowledgements. This work is partially supported by Uniphar PLC., and the ADAPT Centre for Digital Content Technology which is funded under the SFI Research Centres Programme (Grant 13/RC/2106) and is co-funded under the European Regional Development Fund.",,"Ryan, P.; ADAPT Centre, Ireland; email: paul.ryan76@mail.dcu.ie","Springer Science and Business Media Deutschland GmbH",18651348,9783030754174,,,"English","Lect. Notes Bus. Inf. Process.",Conference Paper,"Final","All Open Access, Green",Scopus,2-s2.0-85106450406
"Qasem Z.","57196479154;","Customers’ intention to adopt residential solar power systems in Jordan: An empirical study utilizing UTAUT2",2021,"Jordan Journal of Business Administration","17","2",,"194","216",,1,,"https://www.scopus.com/inward/record.uri?eid=2-s2.0-85104950335&partnerID=40&md5=988fa9bcb6f9b1d813aff8e5aa989688","School of Business, Department of Marketing, University of Jordan, Amman, Jordan","Qasem, Z., School of Business, Department of Marketing, University of Jordan, Amman, Jordan","Customers’ intention; Solar power systems; Technology adoption; UTAUT2",,,,"Qasem, Z.; School of Business, Jordan; email: z.qasem@ju.edu.jo","University of Jordan,Deanship of Scientific Research",18158633,,,,"English","Jordan J. Bus. Adm.",Article,"Final","",Scopus,2-s2.0-85104950335
"Makarov V.O., Davydova M.L.","57208800193;57195573918;","On the concept of regulatory sandboxes",2021,"Lecture Notes in Networks and Systems","155",,,"1014","1020",,1,"10.1007/978-3-030-59126-7_112","https://www.scopus.com/inward/record.uri?eid=2-s2.0-85097928063&doi=10.1007%2f978-3-030-59126-7_112&partnerID=40&md5=485dd908a6a30d2e03e84aa4ad6cc2a8","Volgograd State University, Volgograd, Russian Federation","Makarov, V.O., Volgograd State University, Volgograd, Russian Federation; Davydova, M.L., Volgograd State University, Volgograd, Russian Federation","Digital economy; Digital innovations; Experimental legal regimes; Fintech; Legal experiment; Legal regime; Regulatory sandboxes",,"Acknowledgments. The chapter was prepared with financial support of the Russian Fund for Fundamental Research. Grant of the RFFR 20-011-00583 A.","The chapter was prepared with financial support of the Russian Fund for Fundamental Research. Grant of the RFFR 20-011-00583 A.","Makarov, V.O.; Volgograd State UniversityRussian Federation; email: makarov.legal@gmail.com","Springer Science and Business Media Deutschland GmbH",23673370,,,,"English","Lect. Notes Networks Syst.",Book Chapter,"Final","",Scopus,2-s2.0-85097928063
"Nam G.","57220007203;","Bringing the QR Code to Canada: The Rise of AliPay and WeChatPay in Canadian e-Commerce Markets",2021,"Advances in Intelligent Systems and Computing","1290",,,"622","628",,1,"10.1007/978-3-030-63092-8_42","https://www.scopus.com/inward/record.uri?eid=2-s2.0-85096500634&doi=10.1007%2f978-3-030-63092-8_42&partnerID=40&md5=4a767213f3b5911d10c6b69ac44a033f","Simon Fraser University, 8888 University Drive, Burnaby, BC, Canada","Nam, G., Simon Fraser University, 8888 University Drive, Burnaby, BC, Canada","e-Payment; Fintech; QR-code","Electronic money; Credit-based system; Customer payments; Digital world; E-payments; Large cities; Payment systems; QR codes; Republic of China; Fintech",,,"Nam, G.; Simon Fraser University, 8888 University Drive, Canada; email: genevan@sfu.ca","Springer Science and Business Media Deutschland GmbH",21945357,9783030630911,,,"English","Adv. Intell. Sys. Comput.",Conference Paper,"Final","",Scopus,2-s2.0-85096500634
"Rao V., Singh A., Rudra B.","57220006826;57224456007;54918823200;","Ethereum Blockchain Enabled Secure and Transparent E-Voting",2021,"Advances in Intelligent Systems and Computing","1290",,,"683","702",,1,"10.1007/978-3-030-63092-8_46","https://www.scopus.com/inward/record.uri?eid=2-s2.0-85096467374&doi=10.1007%2f978-3-030-63092-8_46&partnerID=40&md5=7f65c2fda6868abae5a1142e5bb8cd95","National Institute of Technology Karnataka, Surathkal, India","Rao, V., National Institute of Technology Karnataka, Surathkal, India; Singh, A., National Institute of Technology Karnataka, Surathkal, India; Rudra, B., National Institute of Technology Karnataka, Surathkal, India","Bitcoin; Blockchain; Ethereum; Fintech; Smart contracts; Solidity and consensus","Blockchain; Cryptocurrency; Data privacy; Ethereum; E-voting systems; Offline; On-line service; Small scale; Test network; Electronic voting",,,"Rao, V.; National Institute of Technology KarnatakaIndia; email: vishakhrao999@gmail.com","Springer Science and Business Media Deutschland GmbH",21945357,9783030630911,,,"English","Adv. Intell. Sys. Comput.",Conference Paper,"Final","",Scopus,2-s2.0-85096467374
"Chakravaram V., Ratnakaram S., Vihari N.S., Tatikonda N.","57210819244;57210815005;57079156300;57219986061;","The Role of Technologies on Banking and Insurance Sectors in the Digitalization and Globalization Era—A Select Study",2021,"Advances in Intelligent Systems and Computing","1245",,,"145","156",,1,"10.1007/978-981-15-7234-0_12","https://www.scopus.com/inward/record.uri?eid=2-s2.0-85096412656&doi=10.1007%2f978-981-15-7234-0_12&partnerID=40&md5=838ac269189d11695c3351dc99bdc17b","Jindal Global Business School, O. P. Jindal Global University, Sonipat, Haryana, India; BITS Pilani, Dubai Campus, Dubai, United Arab Emirates; Wolkite University, Wabe Bridge, Ethiopia","Chakravaram, V., Jindal Global Business School, O. P. Jindal Global University, Sonipat, Haryana, India; Ratnakaram, S., Jindal Global Business School, O. P. Jindal Global University, Sonipat, Haryana, India; Vihari, N.S., BITS Pilani, Dubai Campus, Dubai, United Arab Emirates; Tatikonda, N., Wolkite University, Wabe Bridge, Ethiopia","Banking; Financial engineering; Financial services; FinTech; Insurance; InsurTech; Technologies","Banking; Fintech; Machine learning; Smart city; Advanced technology; Financial service; Insurance sectors; Research methodologies; Research studies; Role of technologies; Service industry",,,"Chakravaram, V.; Jindal Global Business School, India; email: vchakravaram@jgu.edu.in","Springer Science and Business Media Deutschland GmbH",21945357,9789811572333,,,"English","Adv. Intell. Sys. Comput.",Conference Paper,"Final","",Scopus,2-s2.0-85096412656
"Ceaparu C.","57218492017;","IT solutions for big data processing and analysis in the finance and banking sectors",2021,"Advances in Intelligent Systems and Computing","1243 AISC",,,"133","144",,1,"10.1007/978-3-030-53651-0_11","https://www.scopus.com/inward/record.uri?eid=2-s2.0-85089315340&doi=10.1007%2f978-3-030-53651-0_11&partnerID=40&md5=3a601e3efca6e2e1016a2fff34cbf81e","Department of Economic Informatics and Cybernetics, The Bucharest University of Economic Studies, 6 Romana Square, 1st District, Bucharest, 010374, Romania","Ceaparu, C., Department of Economic Informatics and Cybernetics, The Bucharest University of Economic Studies, 6 Romana Square, 1st District, Bucharest, 010374, Romania","Big Data analytics; Big data platforms; Fast Data","Advanced Analytics; Big data; Data Analytics; Banking sectors; Data architectures; Data processing and analysis; Data processing models; IT solution; Open sources; Data handling",,,"Ceaparu, C.; Department of Economic Informatics and Cybernetics, 6 Romana Square, 1st District, Romania; email: catalin.ceaparu@gmail.com","Springer",21945357,9783030536503,,,"English","Adv. Intell. Sys. Comput.",Conference Paper,"Final","",Scopus,2-s2.0-85089315340
